"593934,""7B224964223A2232663434643464662D616237342D343931382D616266622D346630313735333234643665222C225365637572697479466F726D4964223A2238363466643661302D383936312D343835632D396236312D333031363462656136383835222C2254696D65223A22323032322D30312D31385431333A33393A34372E353839373030345A222C225365637572697479466F726D537461747573223A302C22436F6D6D656E74223A6E756C6C2C22436F6D6D656E7450726976617465223A6E756C6C2C224175746F223A66616C73652C22546F706963223A22737068696E782E73656375726974792D666F726D2E737461747573227D"""
"593933,""7B224964223A2230366634393833652D356364622D343332342D616231662D333030313739303766383732222C225365637572697479466F726D4964223A2235623566386264382D343539352D346564332D393864342D316162653662643433656362222C2254696D65223A22323032322D30312D31385431333A33393A33352E3239313239335A222C225365637572697479466F726D537461747573223A322C22436F6D6D656E74223A6E756C6C2C22436F6D6D656E7450726976617465223A6E756C6C2C224175746F223A66616C73652C22546F706963223A22737068696E782E73656375726974792D666F726D2E737461747573227D"""
"593932,""7B224964223A2234346261346339312D353163322D343466382D626632332D656134613164353334323231222C225365637572697479466F726D4964223A2235623566386264382D343539352D346564332D393864342D316162653662643433656362222C2254696D65223A22323032322D30312D31385431333A33393A33352E313933363332355A222C225365637572697479466F726D537461747573223A312C22436F6D6D656E74223A6E756C6C2C22436F6D6D656E7450726976617465223A6E756C6C2C224175746F223A66616C73652C22546F706963223A22737068696E782E73656375726974792D666F726D2E737461747573227D"""
"593931,""7B224964223A2232366636323432332D633139332D346334382D623837622D376537346234363238393464222C225365637572697479466F726D4964223A2266353439316333382D353261642D343338642D613538382D663565316339646434643566222C2254696D65223A22323032322D30312D31385431333A33393A32362E393638343332375A222C225365637572697479466F726D537461747573223A302C22436F6D6D656E74223A6E756C6C2C22436F6D6D656E7450726976617465223A6E756C6C2C224175746F223A66616C73652C22546F706963223A22737068696E782E73656375726974792D666F726D2E737461747573227D"""
"593930,""7B224964223A2263303637613537642D353762382D343635382D393637642D656662626636323537393461222C225365637572697479466F726D4964223A2262633563353036652D303033392D346335352D623531302D373138366361666533373234222C2254696D65223A22323032322D30312D31385431333A33393A30342E393531333436345A222C225365637572697479466F726D537461747573223A362C22436F6D6D656E74223A6E756C6C2C22436F6D6D656E7450726976617465223A6E756C6C2C224175746F223A66616C73652C22546F706963223A22737068696E782E73656375726974792D666F726D2E737461747573227D"""
"593929,""7B224964223A2235663135383833622D393062322D343862322D613038372D343435656432613064663334222C225365637572697479466F726D4964223A2232656336333439382D353532322D346334352D623666382D613235616362613737643737222C2254696D65223A22323032322D30312D31385431363A33383A34392E3038373733335A222C225365637572697479466F726D537461747573223A352C22436F6D6D656E74223A6E756C6C2C22436F6D6D656E7450726976617465223A2233222C224175746F223A66616C73652C22546F706963223A22737068696E782E73656375726974792D666F726D2E737461747573227D"""
"593928,""7B224964223A2233376264336331322D333139392D343131362D626633632D356539633930356361656461222C225365637572697479466F726D4964223A2234626266343033662D316461642D343635312D623965612D646632323866323638363930222C2254696D65223A22323032322D30312D31385431333A33383A33382E323434383638355A222C225365637572697479466F726D537461747573223A322C22436F6D6D656E74223A6E756C6C2C22436F6D6D656E7450726976617465223A6E756C6C2C224175746F223A66616C73652C22546F706963223A22737068696E782E73656375726974792D666F726D2E737461747573227D"""
"593927,""7B224964223A2261643531323263652D363730642D346462342D616364612D313738623064346238656131222C225365637572697479466F726D4964223A2234626266343033662D316461642D343635312D623965612D646632323866323638363930222C2254696D65223A22323032322D30312D31385431333A33383A33382E303636353231345A222C225365637572697479466F726D537461747573223A312C22436F6D6D656E74223A6E756C6C2C22436F6D6D656E7450726976617465223A6E756C6C2C224175746F223A66616C73652C22546F706963223A22737068696E782E73656375726974792D666F726D2E737461747573227D"""
"593926,""7B224964223A2237646135353138652D353061662D346261642D613037632D663837666363333130626138222C225365637572697479466F726D4964223A2232656336333439382D353532322D346334352D623666382D613235616362613737643737222C2254696D65223A22323032322D30312D31385431333A33383A33352E363437353530345A222C225365637572697479466F726D537461747573223A322C22436F6D6D656E74223A6E756C6C2C22436F6D6D656E7450726976617465223A6E756C6C2C224175746F223A66616C73652C22546F706963223A22737068696E782E73656375726974792D666F726D2E737461747573227D"""
"593925,""7B224964223A2232393833653465352D373337382D343163392D383164332D386338393466316666396333222C225365637572697479466F726D4964223A2232656336333439382D353532322D346334352D623666382D613235616362613737643737222C2254696D65223A22323032322D30312D31385431333A33383A33352E353535363538355A222C225365637572697479466F726D537461747573223A312C22436F6D6D656E74223A6E756C6C2C22436F6D6D656E7450726976617465223A6E756C6C2C224175746F223A66616C73652C22546F706963223A22737068696E782E73656375726974792D666F726D2E737461747573227D"""
"593924,""7B224964223A2239313265363831352D363132332D343666622D386137612D383463383665363236656538222C225365637572697479466F726D4964223A2265356162306131352D666433652D346633332D623234642D373933326566393465343736222C2254696D65223A22323032322D30312D31385431333A33383A31332E383530383839365A222C225365637572697479466F726D537461747573223A302C22436F6D6D656E74223A6E756C6C2C22436F6D6D656E7450726976617465223A6E756C6C2C224175746F223A66616C73652C22546F706963223A22737068696E782E73656375726974792D666F726D2E737461747573227D"""
"593923,""7B224964223A2230626136643863322D323637332D346336342D393661622D326262663762346338633161222C225365637572697479466F726D4964223A2239646133316631392D376431612D343637662D393235612D646530656330373833666634222C2254696D65223A22323032322D30312D31385431363A33373A35372E3932353034355A222C225365637572697479466F726D537461747573223A342C22436F6D6D656E74223A6E756C6C2C22436F6D6D656E7450726976617465223A6E756C6C2C224175746F223A66616C73652C22546F706963223A22737068696E782E73656375726974792D666F726D2E737461747573227D"""
"593922,""7B224964223A2231633161653932332D313132302D346264662D613964322D336138653662313964663833222C225365637572697479466F726D4964223A2239646133316631392D376431612D343637662D393235612D646530656330373833666634222C2254696D65223A22323032322D30312D31385431333A33373A34372E353434383831345A222C225365637572697479466F726D537461747573223A322C22436F6D6D656E74223A6E756C6C2C22436F6D6D656E7450726976617465223A6E756C6C2C224175746F223A66616C73652C22546F706963223A22737068696E782E73656375726974792D666F726D2E737461747573227D"""
"593921,""7B224964223A2231666132626239372D363638352D343837632D613561332D366131393861316263383331222C225365637572697479466F726D4964223A2239646133316631392D376431612D343637662D393235612D646530656330373833666634222C2254696D65223A22323032322D30312D31385431333A33373A34372E333930343133395A222C225365637572697479466F726D537461747573223A312C22436F6D6D656E74223A6E756C6C2C22436F6D6D656E7450726976617465223A6E756C6C2C224175746F223A66616C73652C22546F706963223A22737068696E782E73656375726974792D666F726D2E737461747573227D"""
"593920,""7B224964223A2238303430636234322D376261642D346534392D383565352D623737353364393534396438222C225365637572697479466F726D4964223A2238393831646664392D643934342D343430372D396138642D633330643232633736663133222C2254696D65223A22323032322D30312D31385431363A33363A32302E3439323430395A222C225365637572697479466F726D537461747573223A332C22436F6D6D656E74223A22D0A3D0BAD0B0D0B6D0B8D182D0B520D0B4D0B0D0BDD0BDD18BD0B520D0BE20D0BFD180D0B5D0B4D18BD0B4D183D189D0B8D18520D0BCD0B5D181D182D0B0D18520D180D0B0D0B1D0BED182D18B222C22436F6D6D656E7450726976617465223A6E756C6C2C224175746F223A66616C73652C22546F706963223A22737068696E782E73656375726974792D666F726D2E737461747573227D"""
"593919,""7B224964223A2266636535306132392D303636382D343839322D383730632D653364626634326564386236222C225365637572697479466F726D4964223A2238316235653363342D336637352D346561662D613834612D636436303636616336306530222C2254696D65223A22323032322D30312D31385431333A33363A31332E393636383333365A222C225365637572697479466F726D537461747573223A342C22436F6D6D656E74223A6E756C6C2C22436F6D6D656E7450726976617465223A6E756C6C2C224175746F223A747275652C22546F706963223A22737068696E782E73656375726974792D666F726D2E737461747573227D"""
"593918,""7B224964223A2236326138323835312D653331372D343435332D613361362D306337323835366234313137222C225365637572697479466F726D4964223A2264373738303931622D623866352D343161642D386564372D313637343763306166333862222C2254696D65223A22323032322D30312D31385431333A33353A35362E343335343533375A222C225365637572697479466F726D537461747573223A302C22436F6D6D656E74223A6E756C6C2C22436F6D6D656E7450726976617465223A6E756C6C2C224175746F223A66616C73652C22546F706963223A22737068696E782E73656375726974792D666F726D2E737461747573227D"""
"593917,""7B224964223A2231396334363366322D633938332D346635312D386639372D663737383232396135666537222C225365637572697479466F726D4964223A2239306265653364302D633338332D343564382D393662612D366230343936636234353661222C2254696D65223A22323032322D30312D31385431363A33353A33362E3630333032315A222C225365637572697479466F726D537461747573223A342C22436F6D6D656E74223A6E756C6C2C22436F6D6D656E7450726976617465223A6E756C6C2C224175746F223A66616C73652C22546F706963223A22737068696E782E73656375726974792D666F726D2E737461747573227D"""
"593916,""7B224964223A2239303665633935322D663061382D343636612D616435322D663032313939623535323762222C225365637572697479466F726D4964223A2237323265326265352D636364382D346138612D613837302D396430363531393366353438222C2254696D65223A22323032322D30312D31385431333A33353A31332E303431303535375A222C225365637572697479466F726D537461747573223A302C22436F6D6D656E74223A6E756C6C2C22436F6D6D656E7450726976617465223A6E756C6C2C224175746F223A66616C73652C22546F706963223A22737068696E782E73656375726974792D666F726D2E737461747573227D"""
"593915,""7B224964223A2231646534646237302D646332612D343937612D393139342D653339356639393836616231222C225365637572697479466F726D4964223A2238383335643136332D313237612D343164372D626530362D366634313730343031323338222C2254696D65223A22323032322D30312D31385431333A33343A35372E363935303637375A222C225365637572697479466F726D537461747573223A302C22436F6D6D656E74223A6E756C6C2C22436F6D6D656E7450726976617465223A6E756C6C2C224175746F223A66616C73652C22546F706963223A22737068696E782E73656375726974792D666F726D2E737461747573227D"""
"593914,""7B224964223A2231373930383634352D633866622D346664342D626533632D653761383732316662333661222C225365637572697479466F726D4964223A2235666639653237662D633135662D343363382D383465352D343831346632643138656437222C2254696D65223A22323032322D30312D31385431333A33333A35372E343537313031395A222C225365637572697479466F726D537461747573223A302C22436F6D6D656E74223A6E756C6C2C22436F6D6D656E7450726976617465223A6E756C6C2C224175746F223A66616C73652C22546F706963223A22737068696E782E73656375726974792D666F726D2E737461747573227D"""
"593913,""7B224964223A2237356236386337662D353161632D346335362D383039352D363765303865653966373132222C225365637572697479466F726D4964223A2233313634306632322D366662622D346137362D393965302D366434373738316637363037222C2254696D65223A22323032322D30312D31385431333A33333A34382E393532383035385A222C225365637572697479466F726D537461747573223A302C22436F6D6D656E74223A6E756C6C2C22436F6D6D656E7450726976617465223A6E756C6C2C224175746F223A66616C73652C22546F706963223A22737068696E782E73656375726974792D666F726D2E737461747573227D"""
"593912,""7B224964223A2238653630343836392D326434302D343437662D396461322D323465613566353865373531222C225365637572697479466F726D4964223A2264366433616561342D396662662D346636652D613835392D663962636332343765393134222C2254696D65223A22323032322D30312D31385431333A33333A30372E353636383939365A222C225365637572697479466F726D537461747573223A302C22436F6D6D656E74223A6E756C6C2C22436F6D6D656E7450726976617465223A6E756C6C2C224175746F223A66616C73652C22546F706963223A22737068696E782E73656375726974792D666F726D2E737461747573227D"""
"593911,""7B224964223A2264366638656663362D353031632D343538392D623531632D313639633961323231623531222C225365637572697479466F726D4964223A2239326435313130632D336364382D346432302D623461652D623439303566653939313134222C2254696D65223A22323032322D30312D31385431333A33323A31332E383335353938355A222C225365637572697479466F726D537461747573223A342C22436F6D6D656E74223A6E756C6C2C22436F6D6D656E7450726976617465223A6E756C6C2C224175746F223A747275652C22546F706963223A22737068696E782E73656375726974792D666F726D2E737461747573227D"""
"593910,""7B224964223A2237666266623065302D356463662D343839632D383164332D376466336263663464313437222C225365637572697479466F726D4964223A2235343834323961362D653037652D346563312D616337352D346266623634643736373531222C2254696D65223A22323032322D30312D31385431363A33313A33342E3137383532385A222C225365637572697479466F726D537461747573223A342C22436F6D6D656E74223A22222C22436F6D6D656E7450726976617465223A6E756C6C2C224175746F223A66616C73652C22546F706963223A22737068696E782E73656375726974792D666F726D2E737461747573227D"""
"593909,""7B224964223A2231366565306230382D323262662D343866372D396262302D396632393934353031653133222C225365637572697479466F726D4964223A2261366631386132352D636338642D343363632D393564342D633339353830633864383636222C2254696D65223A22323032322D30312D31385431333A33303A34382E343238303638395A222C225365637572697479466F726D537461747573223A302C22436F6D6D656E74223A6E756C6C2C22436F6D6D656E7450726976617465223A6E756C6C2C224175746F223A66616C73652C22546F706963223A22737068696E782E73656375726974792D666F726D2E737461747573227D"""
"593908,""7B224964223A2238623235633838372D356631332D343731652D626233662D343735353137393230353763222C225365637572697479466F726D4964223A2262373236356639382D316333382D343264312D613165642D663561313366376566653531222C2254696D65223A22323032322D30312D31385431333A33303A31352E333137313738335A222C225365637572697479466F726D537461747573223A322C22436F6D6D656E74223A6E756C6C2C22436F6D6D656E7450726976617465223A6E756C6C2C224175746F223A66616C73652C22546F706963223A22737068696E782E73656375726974792D666F726D2E737461747573227D"""
"593907,""7B224964223A2232643539323833342D373035392D343931632D616535612D356166373761396232343065222C225365637572697479466F726D4964223A2262373236356639382D316333382D343264312D613165642D663561313366376566653531222C2254696D65223A22323032322D30312D31385431333A33303A31352E313535393133365A222C225365637572697479466F726D537461747573223A312C22436F6D6D656E74223A6E756C6C2C22436F6D6D656E7450726976617465223A6E756C6C2C224175746F223A66616C73652C22546F706963223A22737068696E782E73656375726974792D666F726D2E737461747573227D"""
"593906,""7B224964223A2234663337613564382D396331312D343932362D383235362D643931376633393036626639222C225365637572697479466F726D4964223A2235623566386264382D343539352D346564332D393864342D316162653662643433656362222C2254696D65223A22323032322D30312D31385431333A32393A31322E383737303230355A222C225365637572697479466F726D537461747573223A302C22436F6D6D656E74223A6E756C6C2C22436F6D6D656E7450726976617465223A6E756C6C2C224175746F223A66616C73652C22546F706963223A22737068696E782E73656375726974792D666F726D2E737461747573227D"""
"593905,""7B224964223A2266333230356530642D303934632D346539362D626538322D323065623164366639666463222C225365637572697479466F726D4964223A2233333665633764392D323734652D343966642D383739632D313663636631333665646137222C2254696D65223A22323032322D30312D31385431333A32383A31312E383338353630395A222C225365637572697479466F726D537461747573223A342C22436F6D6D656E74223A6E756C6C2C22436F6D6D656E7450726976617465223A6E756C6C2C224175746F223A747275652C22546F706963223A22737068696E782E73656375726974792D666F726D2E737461747573227D"""
"593904,""7B224964223A2261343730396638382D643839662D346633322D616137622D393130386634316232663462222C225365637572697479466F726D4964223A2264366462386437372D343866612D343234392D383335332D326562303764373163333562222C2254696D65223A22323032322D30312D31385431333A32353A31382E393931393339395A222C225365637572697479466F726D537461747573223A322C22436F6D6D656E74223A6E756C6C2C22436F6D6D656E7450726976617465223A6E756C6C2C224175746F223A66616C73652C22546F706963223A22737068696E782E73656375726974792D666F726D2E737461747573227D"""
"593903,""7B224964223A2265333139643830642D343531372D343632342D613434642D656139316333333235356337222C225365637572697479466F726D4964223A2264366462386437372D343866612D343234392D383335332D326562303764373163333562222C2254696D65223A22323032322D30312D31385431333A32353A31382E383739353534345A222C225365637572697479466F726D537461747573223A312C22436F6D6D656E74223A6E756C6C2C22436F6D6D656E7450726976617465223A6E756C6C2C224175746F223A66616C73652C22546F706963223A22737068696E782E73656375726974792D666F726D2E737461747573227D"""
"593902,""7B224964223A2235376365343732662D643532652D343531312D613136652D353564666237386664396534222C225365637572697479466F726D4964223A2239306265653364302D633338332D343564382D393662612D366230343936636234353661222C2254696D65223A22323032322D30312D31385431333A32353A31372E353931363233385A222C225365637572697479466F726D537461747573223A322C22436F6D6D656E74223A6E756C6C2C22436F6D6D656E7450726976617465223A6E756C6C2C224175746F223A66616C73652C22546F706963223A22737068696E782E73656375726974792D666F726D2E737461747573227D"""
"593901,""7B224964223A2237393066613035662D363332332D346334392D393662662D363834373338353438383533222C225365637572697479466F726D4964223A2239306265653364302D633338332D343564382D393662612D366230343936636234353661222C2254696D65223A22323032322D30312D31385431333A32353A31372E333831353034315A222C225365637572697479466F726D537461747573223A312C22436F6D6D656E74223A6E756C6C2C22436F6D6D656E7450726976617465223A6E756C6C2C224175746F223A66616C73652C22546F706963223A22737068696E782E73656375726974792D666F726D2E737461747573227D"""
"593900,""7B224964223A2231366630663139612D316135362D346635622D623332322D333335346466626530343734222C225365637572697479466F726D4964223A2230333035373037342D343962642D343632632D626536642D313934313538316336373335222C2254696D65223A22323032322D30312D31385431333A32353A31312E383830333334315A222C225365637572697479466F726D537461747573223A342C22436F6D6D656E74223A6E756C6C2C22436F6D6D656E7450726976617465223A6E756C6C2C224175746F223A747275652C22546F706963223A22737068696E782E73656375726974792D666F726D2E737461747573227D"""
"593899,""7B224964223A2265353031613565622D366564662D346339332D386532392D303032323330633834356635222C225365637572697479466F726D4964223A2235636662623837322D336131342D346663312D386135362D363862636438666163336330222C2254696D65223A22323032322D30312D31385431333A32343A32362E373737393131325A222C225365637572697479466F726D537461747573223A322C22436F6D6D656E74223A6E756C6C2C22436F6D6D656E7450726976617465223A6E756C6C2C224175746F223A66616C73652C22546F706963223A22737068696E782E73656375726974792D666F726D2E737461747573227D"""
"593898,""7B224964223A2239383530633065632D353538332D346236652D613135332D346437623632323831363634222C225365637572697479466F726D4964223A2235636662623837322D336131342D346663312D386135362D363862636438666163336330222C2254696D65223A22323032322D30312D31385431333A32343A32362E3630343038375A222C225365637572697479466F726D537461747573223A312C22436F6D6D656E74223A6E756C6C2C22436F6D6D656E7450726976617465223A6E756C6C2C224175746F223A66616C73652C22546F706963223A22737068696E782E73656375726974792D666F726D2E737461747573227D"""
"593897,""7B224964223A2263383366313363332D373766302D343666632D623836372D623032303534383531626264222C225365637572697479466F726D4964223A2264623438373162372D303964362D343062322D396135312D353564613662356462373666222C2254696D65223A22323032322D30312D31385431363A32333A30342E3639373435315A222C225365637572697479466F726D537461747573223A342C22436F6D6D656E74223A22222C22436F6D6D656E7450726976617465223A6E756C6C2C224175746F223A66616C73652C22546F706963223A22737068696E782E73656375726974792D666F726D2E737461747573227D"""
"593896,""7B224964223A2264373362613361312D353532342D343831662D626662652D376465656639633632646363222C225365637572697479466F726D4964223A2237336362626436342D356132662D343130612D616530662D353565303230323339656234222C2254696D65223A22323032322D30312D31385431363A32323A31302E3836353132395A222C225365637572697479466F726D537461747573223A342C22436F6D6D656E74223A6E756C6C2C22436F6D6D656E7450726976617465223A6E756C6C2C224175746F223A66616C73652C22546F706963223A22737068696E782E73656375726974792D666F726D2E737461747573227D"""
"593895,""7B224964223A2231613533633034662D303936632D343737362D383363382D613430366163663935326630222C225365637572697479466F726D4964223A2233333635616162312D656534662D346230372D393166622D363235663164366139333434222C2254696D65223A22323032322D30312D31385431333A32323A31322E383635343233335A222C225365637572697479466F726D537461747573223A342C22436F6D6D656E74223A6E756C6C2C22436F6D6D656E7450726976617465223A6E756C6C2C224175746F223A747275652C22546F706963223A22737068696E782E73656375726974792D666F726D2E737461747573227D"""
"593894,""7B224964223A2262303761646465622D646339382D343937382D623838392D303261383763613666666361222C225365637572697479466F726D4964223A2237336362626436342D356132662D343130612D616530662D353565303230323339656234222C2254696D65223A22323032322D30312D31385431333A32313A34392E363336353835315A222C225365637572697479466F726D537461747573223A312C22436F6D6D656E74223A6E756C6C2C22436F6D6D656E7450726976617465223A6E756C6C2C224175746F223A66616C73652C22546F706963223A22737068696E782E73656375726974792D666F726D2E737461747573227D"""
"593893,""7B224964223A2262613463613030652D313761362D343036332D613964362D646538326261626266626464222C225365637572697479466F726D4964223A2237336362626436342D356132662D343130612D616530662D353565303230323339656234222C2254696D65223A22323032322D30312D31385431333A32313A34392E373932343331365A222C225365637572697479466F726D537461747573223A322C22436F6D6D656E74223A6E756C6C2C22436F6D6D656E7450726976617465223A6E756C6C2C224175746F223A66616C73652C22546F706963223A22737068696E782E73656375726974792D666F726D2E737461747573227D"""
"593892,""7B224964223A2231373764363933362D373036362D343336332D626537302D353437373134653939363365222C225365637572697479466F726D4964223A2232613261623562372D343033622D343132322D616262302D346661336361663334373837222C2254696D65223A22323032322D30312D31385431333A32313A32382E363636383036345A222C225365637572697479466F726D537461747573223A302C22436F6D6D656E74223A6E756C6C2C22436F6D6D656E7450726976617465223A6E756C6C2C224175746F223A66616C73652C22546F706963223A22737068696E782E73656375726974792D666F726D2E737461747573227D"""
"593891,""7B224964223A2232343330383338662D346130612D343838662D383534312D666462363433356436303336222C225365637572697479466F726D4964223A2232643138306230612D313433352D346333342D393864332D656633386365323664343166222C2254696D65223A22323032322D30312D31385431363A32313A30352E3734373638365A222C225365637572697479466F726D537461747573223A342C22436F6D6D656E74223A6E756C6C2C22436F6D6D656E7450726976617465223A6E756C6C2C224175746F223A66616C73652C22546F706963223A22737068696E782E73656375726974792D666F726D2E737461747573227D"""
"593890,""7B224964223A2230303263363831632D643638372D343962372D393266652D656161633834376663623665222C225365637572697479466F726D4964223A2232643138306230612D313433352D346333342D393864332D656633386365323664343166222C2254696D65223A22323032322D30312D31385431333A32303A35312E3530303032345A222C225365637572697479466F726D537461747573223A322C22436F6D6D656E74223A6E756C6C2C22436F6D6D656E7450726976617465223A6E756C6C2C224175746F223A66616C73652C22546F706963223A22737068696E782E73656375726974792D666F726D2E737461747573227D"""
"593889,""7B224964223A2234323362363136612D323237322D346266382D383866352D663762316636663462623035222C225365637572697479466F726D4964223A2232643138306230612D313433352D346333342D393864332D656633386365323664343166222C2254696D65223A22323032322D30312D31385431333A32303A35312E333030353530365A222C225365637572697479466F726D537461747573223A312C22436F6D6D656E74223A6E756C6C2C22436F6D6D656E7450726976617465223A6E756C6C2C224175746F223A66616C73652C22546F706963223A22737068696E782E73656375726974792D666F726D2E737461747573227D"""
"593888,""7B224964223A2264633631313061662D626265652D346338662D616636302D646466663363666635373463222C225365637572697479466F726D4964223A2234393635656237632D653036352D343936302D626532312D313635393330366262306638222C2254696D65223A22323032322D30312D31385431363A32303A32352E3630353136315A222C225365637572697479466F726D537461747573223A342C22436F6D6D656E74223A6E756C6C2C22436F6D6D656E7450726976617465223A6E756C6C2C224175746F223A66616C73652C22546F706963223A22737068696E782E73656375726974792D666F726D2E737461747573227D"""
"593887,""7B224964223A2234643032393563662D633764342D346464652D383630642D663635313161346534373732222C225365637572697479466F726D4964223A2234393635656237632D653036352D343936302D626532312D313635393330366262306638222C2254696D65223A22323032322D30312D31385431333A32303A31332E363330363732315A222C225365637572697479466F726D537461747573223A322C22436F6D6D656E74223A6E756C6C2C22436F6D6D656E7450726976617465223A6E756C6C2C224175746F223A66616C73652C22546F706963223A22737068696E782E73656375726974792D666F726D2E737461747573227D"""
"593886,""7B224964223A2234383236643562332D386438322D343063342D393162612D646430666639663561646130222C225365637572697479466F726D4964223A2234393635656237632D653036352D343936302D626532312D313635393330366262306638222C2254696D65223A22323032322D30312D31385431333A32303A31322E3334363339385A222C225365637572697479466F726D537461747573223A312C22436F6D6D656E74223A6E756C6C2C22436F6D6D656E7450726976617465223A6E756C6C2C224175746F223A66616C73652C22546F706963223A22737068696E782E73656375726974792D666F726D2E737461747573227D"""
